state,county,urban_share,population_2010,avg_poverty_rate,avg_median_family_income,low_income_tracts_count,lila_1_10_count,lila_half_10_count,lila_1_20_count,total_housing_units_no_vehicle,total_snap_households,tract_count,geo_id,county_name,total_population,male_population,female_population,median_age,poverty_rate,median_income,bphigh,csmoking,diabetes,lpa,obesity,pct_diabetes_adults19,pct_obese_adults22,povrate21
california,alameda,0.9833333333333332,1510271,11.17972222222222,112434.35277777778,151,11,83,11,54816.0,37448.0,360,0500000US06001,"Alameda County, California",1651949,819520,832429,38.7,9.2,126240.0,27.5,9.25,10.55,20.35,22.65,7.1,28.1,9.4
california,alpine,0.0,1175,19.8,82813.0,0,0,0,0,18.0,35.0,1,0500000US06003,"Alpine County, California",1695,885,810,41.1,12.3,110781.0,31.8,11.3,10.05,18.7,28.55,7.4,28.1,15.8
california,amador,0.0,38091,10.233333333333333,74668.22222222222,1,0,0,0,773.0,1059.0,9,0500000US06005,"Amador County, California",41029,22409,18620,49.9,7.8,81526.0,33.45,12.3,10.2,21.6,29.55,8.2,28.1,11.1
california,butte,0.7450980392156863,220000,20.84705882352941,65151.58823529412,33,14,26,14,6232.0,10360.0,51,0500000US06007,"Butte County, California",209470,104228,105242,36.3,18.3,68574.0,31.35,13.35,10.3,22.75,29.950000000000003,7.4,28.1,16.6
california,calaveras,0.2,45578,12.01,74331.2,2,0,0,0,431.0,1502.0,10,0500000US06009,"Calaveras County, California",45995,22864,23131,52.0,13.4,79877.0,33.0,13.65,11.15,23.5,29.8,7.0,28.1,13.5
california,colusa,0.4,21419,13.5,63739.4,2,1,1,1,386.0,1083.0,5,0500000US06011,"Colusa County, California",21895,11300,10595,35.7,10.8,75149.0,30.8,13.45,12.8,30.05,35.15,7.2,28.1,11.4
california,contra costa,0.9758454106280192,1049025,9.103381642512078,116054.28985507246,83,15,64,15,21438.0,25060.0,207,0500000US06013,"Contra Costa County, California",1161458,571170,590288,40.3,8.3,125727.0,29.35,9.3,10.45,23.2,27.9,8.7,28.1,8.8
california,del norte,0.5714285714285714,28610,25.442857142857143,51539.857142857145,4,2,4,1,942.0,1692.0,7,0500000US06015,"Del Norte County, California",27293,14851,12442,40.8,11.6,66780.0,33.4,15.05,11.35,24.9,30.95,7.7,28.1,21.4
california,el dorado,0.4761904761904761,181058,9.342857142857142,97864.07142857143,6,2,4,2,2850.0,4217.0,42,0500000US06017,"El Dorado County, California",192299,96171,96128,46.1,8.3,106190.0,30.05,10.5,9.4,18.7,27.55,7.3,28.1,8.8
california,fresno,0.8542713567839196,930450,24.443718592964824,61268.97487437186,131,27,100,25,25805.0,61296.0,199,0500000US06019,"Fresno County, California",1012152,507316,504836,33.2,18.7,71434.0,31.55,13.3,12.55,30.95,37.8,11.0,28.1,19.4
california,glenn,0.5,28122,18.0,58636.0,4,2,3,1,484.0,1082.0,6,0500000US06021,"Glenn County, California",28623,14673,13950,35.9,12.4,70487.0,31.1,14.05,11.85,27.65,32.25,7.6,28.1,15.5
california,humboldt,0.5333333333333333,134623,19.923333333333336,60769.16666666666,19,7,14,5,4133.0,6681.0,30,0500000US06023,"Humboldt County, California",135418,67007,68411,39.6,18.9,61135.0,31.4,14.6,10.7,23.45,31.700000000000003,7.2,28.1,19.4
california,imperial,0.6451612903225806,174528,26.58709677419355,54185.77419354839,25,9,18,9,3242.0,9452.0,31,0500000US06025,"Imperial County, California",179319,92096,87223,33.0,19.6,56393.0,32.85,13.1,14.8,35.150000000000006,34.95,9.3,28.1,17.3
california,inyo,0.3333333333333333,18546,9.216666666666669,74352.83333333333,1,1,1,1,552.0,689.0,6,0500000US06027,"Inyo County, California",18803,9565,9238,45.6,10.5,72432.0,31.450000000000003,12.2,10.9,22.0,28.35,7.7,28.1,12.8
california,kern,0.8675496688741722,839631,22.325165562913902,59991.88079470199,100,27,86,22,18281.0,45497.0,151,0500000US06029,"Kern County, California",910433,463861,446572,32.4,19.0,67660.0,32.1,14.65,13.3,32.0,36.1,10.5,28.1,18.5
california,kings,0.8518518518518519,152982,19.72222222222222,58984.96296296296,18,5,15,5,2730.0,7223.0,27,0500000US06031,"Kings County, California",152830,84389,68441,32.3,16.8,68750.0,31.2,14.9,12.5,30.7,34.8,10.0,28.1,17.7
california,lake,0.3333333333333333,64665,22.65333333333333,54643.53333333333,10,1,4,1,1781.0,2973.0,15,0500000US06033,"Lake County, California",68139,34198,33941,44.2,16.7,58738.0,35.8,15.4,12.4,26.85,32.75,8.4,28.1,16.5
california,lassen,0.2222222222222222,34895,16.188888888888886,64826.444444444445,5,3,3,2,560.0,783.0,9,0500000US06035,"Lassen County, California",31177,19370,11807,37.8,13.7,64395.0,32.6,16.05,11.05,25.85,34.25,7.9,28.1,18.8
california,los angeles,0.982433590402742,9818605,16.242245072836333,79803.30162810626,1137,61,545,61,298364.0,290880.0,2334,0500000US06037,"Los Angeles County, California",9848406,4879286,4969120,37.9,13.6,87760.0,29.3,11.25,12.1,25.95,26.45,9.0,28.1,14.1
california,madera,0.4347826086956521,150865,20.67391304347826,58921.47826086957,14,3,7,3,2675.0,7894.0,23,0500000US06039,"Madera County, California",158790,77958,80832,34.6,19.9,75496.0,32.5,14.85,13.15,31.65,36.6,9.1,28.1,20.4
california,marin,0.8727272727272727,252409,7.3,150601.41818181818,5,0,1,0,5130.0,3129.0,55,0500000US06041,"Marin County, California",258765,127100,131665,47.3,7.8,142785.0,28.9,8.3,8.85,17.4,21.3,6.1,28.1,7.8
california,mariposa,0.0,18251,14.133333333333333,67173.0,4,0,0,0,248.0,819.0,6,0500000US06043,"Mariposa County, California",17060,8788,8272,51.6,13.9,65378.0,34.0,12.95,11.45,23.3,30.7,7.0,28.1,14.1
california,mendocino,0.4,87841,18.485,62771.1,13,6,10,3,2138.0,3905.0,20,0500000US06045,"Mendocino County, California",90709,44983,45726,43.9,15.2,64688.0,34.75,14.5,12.05,25.1,29.4,7.5,28.1,16.1
california,merced,0.7346938775510204,255793,23.540816326530614,54314.61224489796,41,13,25,12,5801.0,15683.0,49,0500000US06047,"Merced County, California",285597,144886,140711,31.8,18.4,65044.0,31.5,14.3,13.15,33.45,34.05,8.9,28.1,21.9
california,modoc,0.25,9686,14.95,56221.25,3,2,3,2,146.0,346.0,4,0500000US06049,"Modoc County, California",8646,4246,4400,49.0,20.3,56648.0,36.1,15.2,12.6,26.05,32.099999999999994,7.4,28.1,19.9
california,mono,0.3333333333333333,14202,12.233333333333334,77544.66666666667,0,0,0,0,127.0,203.0,3,0500000US06051,"Mono County, California",13169,7360,5809,40.3,11.0,86953.0,29.65,11.65,9.7,21.15,31.05,7.2,28.1,9.8
california,monterey,0.8279569892473119,415057,12.873118279569892,79669.44086021505,36,3,17,2,5984.0,8959.0,93,0500000US06053,"Monterey County, California",435834,221676,214158,35.3,12.6,94486.0,31.15,12.0,12.05,26.85,31.25,8.4,28.1,12.1
california,napa,0.775,136484,9.0925,101276.175,8,0,6,0,2454.0,2225.0,40,0500000US06055,"Napa County, California",136070,68093,67977,42.8,8.4,108970.0,30.35,10.5,10.35,22.85,28.05,8.5,28.1,9.0
california,nevada,0.5,98764,11.62,84356.6,7,6,6,6,1689.0,2542.0,20,0500000US06057,"Nevada County, California",102452,50594,51858,50.3,10.6,84905.0,32.8,11.25,9.75,19.3,27.55,6.0,28.1,11.8
california,orange,0.9948453608247424,3010232,10.814604810996563,102821.18041237112,135,6,74,6,45380.0,66052.0,582,0500000US06059,"Orange County, California",3164063,1568200,1595863,39.1,9.5,113702.0,27.75,9.25,10.8,23.75,23.9,9.1,28.1,9.9
california,placer,0.8214285714285714,348432,8.964285714285714,101895.21428571428,7,4,5,4,5405.0,5799.0,84,0500000US06061,"Placer County, California",412435,202878,209557,42.4,6.7,114678.0,30.05,9.5,8.850000000000001,18.5,27.25,6.1,28.1,6.6
california,plumas,0.0,20007,9.771428571428572,70561.42857142857,3,0,0,0,453.0,688.0,7,0500000US06063,"Plumas County, California",19607,9999,9608,52.1,10.7,64946.0,34.9,13.35,11.25,22.6,30.0,7.8,28.1,13.0
california,riverside,0.891832229580574,2189641,15.451434878587197,73333.99779249448,210,61,165,60,30713.0,69908.0,453,0500000US06065,"Riverside County, California",2449909,1228321,1221588,36.7,11.1,89672.0,32.25,11.55,11.85,27.1,36.9,9.4,28.1,11.6
california,sacramento,0.9589905362776026,1418788,16.162776025236596,78894.17350157729,151,25,120,24,37651.0,62142.0,317,0500000US06067,"Sacramento County, California",1584047,779834,804213,37.2,12.6,88724.0,29.9,11.8,10.75,21.3,29.55,9.0,28.1,13.0
california,san benito,0.7272727272727273,55269,9.10909090909091,89452.45454545454,10,4,8,3,424.0,1630.0,11,0500000US06069,"San Benito County, California",66056,33282,32774,35.9,7.8,108289.0,29.2,10.85,10.9,25.15,31.4,7.8,28.1,8.9
california,san bernardino,0.9021739130434784,2035210,17.905434782608694,67134.25543478261,215,80,174,76,32180.0,96733.0,368,0500000US06071,"San Bernardino County, California",2187816,1095613,1092203,34.4,13.6,82184.0,31.75,12.35,11.95,26.35,33.3,10.0,28.1,13.2
california,san diego,0.9537480063795852,3095313,12.543859649122806,89966.37958532695,212,25,128,23,61486.0,81106.0,627,0500000US06073,"San Diego County, California",3282782,1660156,1622626,37.1,10.4,102285.0,28.05,10.05,9.7,20.5,25.35,7.6,28.1,10.7
california,san francisco,0.9948717948717948,805235,11.447179487179486,131118.5128205128,59,3,16,3,109968.0,16968.0,195,0500000US06075,"San Francisco County, California",836321,429837,406484,39.7,10.6,141446.0,26.05,8.8,9.75,18.85,17.15,8.8,28.1,11.4
california,san joaquin,0.8705035971223022,685306,18.32589928057554,65661.28057553957,80,14,55,14,14450.0,32857.0,139,0500000US06077,"San Joaquin County, California",787416,394479,392937,35.2,12.6,88531.0,29.85,12.65,12.0,26.0,30.65,9.3,28.1,12.3
california,san luis obispo,0.7547169811320755,269637,14.558490566037737,87397.60377358491,14,1,11,1,4557.0,5019.0,53,0500000US06079,"San Luis Obispo County, California",281486,142085,139401,40.2,12.8,93398.0,30.0,10.75,9.3,19.85,26.85,7.3,28.1,13.1
california,san mateo,0.967948717948718,718451,6.664102564102564,145145.7435897436,23,0,7,0,14038.0,9215.0,156,0500000US06081,"San Mateo County, California",745100,371214,373886,40.6,6.5,156000.0,27.45,8.0,9.8,19.75,22.15,8.5,28.1,6.8
california,santa barbara,0.8539325842696629,423895,14.635955056179776,88232.08988764045,30,4,16,4,8052.0,11748.0,89,0500000US06083,"Santa Barbara County, California",443975,222679,221296,34.5,13.8,95977.0,29.9,11.15,10.55,24.15,26.85,7.5,28.1,15.2
california,santa clara,0.9758064516129032,1781642,8.001881720430108,135336.5483870968,109,6,71,6,32645.0,29566.0,372,0500000US06085,"Santa Clara County, California",1903297,970000,933297,37.9,6.9,159674.0,26.35,8.149999999999999,10.15,22.0,21.9,8.6,28.1,6.9
california,santa cruz,0.8653846153846154,262382,13.751923076923076,101837.6346153846,19,7,16,7,5234.0,8222.0,52,0500000US06087,"Santa Cruz County, California",266021,132752,133269,39.6,11.2,109266.0,29.1,10.35,9.6,20.55,26.3,7.3,28.1,10.6
california,shasta,0.5625,177223,16.833333333333332,65307.395833333336,27,11,18,10,4788.0,7670.0,48,0500000US06089,"Shasta County, California",181554,89611,91943,41.7,13.0,71931.0,33.15,13.95,10.55,21.5,29.3,7.0,28.1,14.0
california,sierra,0.0,3240,8.3,76875.0,0,0,0,0,67.0,162.0,1,0500000US06091,"Sierra County, California",2731,1351,1380,56.0,12.3,60000.0,36.8,15.35,12.7,25.65,32.45,7.3,28.1,12.3
california,siskiyou,0.2142857142857142,44900,21.27857142857143,50922.357142857145,13,5,6,2,1350.0,2341.0,14,0500000US06093,"Siskiyou County, California",43834,21900,21934,47.4,16.6,55499.0,34.85,14.8,11.9,24.6,31.9,7.6,28.1,16.8
california,solano,0.9375,413344,10.710416666666667,86153.0,29,4,19,4,7541.0,13493.0,96,0500000US06095,"Solano County, California",450824,224744,226080,39.1,9.7,99994.0,31.65,11.3,11.3,24.700000000000003,31.25,7.9,28.1,10.0
california,sonoma,0.7777777777777778,483878,10.202020202020202,94411.55555555556,20,4,13,4,9223.0,12254.0,99,0500000US06097,"Sonoma County, California",485642,238817,246825,42.7,8.6,102840.0,29.0,10.7,9.65,20.6,26.1,6.5,28.1,9.1
california,stanislaus,0.8723404255319149,514453,17.2531914893617,63055.44680851064,56,9,40,9,11100.0,25313.0,94,0500000US06099,"Stanislaus County, California",552250,275215,277035,34.8,13.1,79661.0,31.200000000000003,13.5,11.55,30.200000000000003,36.5,10.2,28.1,14.1
california,sutter,0.7619047619047619,94737,15.71904761904762,65823.0,11,4,8,3,1934.0,4113.0,21,0500000US06101,"Sutter County, California",98971,49693,49278,36.4,14.8,75450.0,31.9,14.0,12.1,27.3,29.6,9.0,28.1,15.5
california,tehama,0.3636363636363636,63463,20.963636363636365,54655.63636363636,10,6,6,4,1802.0,3373.0,11,0500000US06103,"Tehama County, California",65520,32682,32838,40.1,15.4,61834.0,33.2,15.3,11.8,26.7,31.700000000000003,8.4,28.1,15.6
california,trinity,0.0,13786,20.660000000000004,49559.0,5,2,2,0,320.0,641.0,5,0500000US06105,"Trinity County, California",15886,7776,8110,54.8,18.0,53498.0,37.95,17.299999999999997,13.3,26.8,33.25,7.1,28.1,19.1
california,tulare,0.7564102564102564,442179,25.988461538461536,51891.679487179485,62,16,42,13,8274.0,30496.0,78,0500000US06107,"Tulare County, California",475774,238478,237296,31.9,17.8,69489.0,31.3,14.1,13.1,32.75,35.15,9.9,28.1,18.7
california,tuolumne,0.3636363636363636,55365,12.363636363636363,68286.27272727272,3,0,1,0,1055.0,2194.0,11,0500000US06109,"Tuolumne County, California",54873,28254,26619,48.8,10.7,72259.0,32.8,12.6,10.5,21.95,29.1,7.9,28.1,13.2
california,ventura,0.884393063583815,823318,9.817341040462429,99155.56647398844,50,9,27,9,11400.0,19500.0,173,0500000US06111,"Ventura County, California",838259,416981,421278,39.4,9.0,107327.0,29.0,10.45,10.65,23.200000000000003,25.7,7.8,28.1,8.9
california,yolo,0.902439024390244,200849,20.178048780487803,96028.34146341465,23,1,17,0,5482.0,6685.0,41,0500000US06113,"Yolo County, California",217782,106025,111757,32.3,16.3,88818.0,27.05,10.45,9.7,23.0,26.8,9.2,28.1,14.8
california,yuba,0.5714285714285714,72155,20.65,55805.92857142857,10,4,6,4,1852.0,4109.0,14,0500000US06115,"Yuba County, California",83079,42183,40896,33.9,15.3,73313.0,30.7,14.5,11.15,26.05,30.85,7.5,28.1,15.6
